{"count":1,"self":29.5721952,"total":981.804818,"children":{"InitializeActuators":{"count":2,"self":0.0056159999999999995,"total":0.0056159999999999995,"children":null},"InitializeSensors":{"count":2,"self":0.012561,"total":0.012561,"children":null},"AgentSendState":{"count":61117,"self":1.9753219999999998,"total":4.224648,"children":{"CollectObservations":{"count":24448,"self":0.168398,"total":0.168398,"children":null},"WriteActionMask":{"count":24448,"self":0.034083999999999996,"total":0.034083999999999996,"children":null},"RequestDecision":{"count":24448,"self":0.079990999999999993,"total":2.046844,"children":{"AgentInfo.ToProto":{"count":24448,"self":0.11047499999999999,"total":1.966853,"children":{"GenerateSensorData":{"count":24448,"self":1.7572029999999998,"total":1.8563779999999999,"children":{"RayPerceptionSensor.Perceive":{"count":24448,"self":0.099175,"total":0.099175,"children":null}}}}}}}}},"DecideAction":{"count":61117,"self":946.9882368,"total":946.988253,"children":null},"AgentAct":{"count":61117,"self":0.98164599999999991,"total":0.98164599999999991,"children":null},"AgentInfo.ToProto":{"count":20,"self":0.000173,"total":0.0014429999999999998,"children":{"GenerateSensorData":{"count":20,"self":0.0011769999999999999,"total":0.0012699999999999999,"children":{"RayPerceptionSensor.Perceive":{"count":20,"self":9.3E-05,"total":9.3E-05,"children":null}}}}}},"gauges":{"Agent.CumulativeReward":{"count":20,"max":599.027,"min":596.427856,"runningAverage":597.317566,"value":596.427856,"weightedAverage":597.0152}},"metadata":{"timer_format_version":"0.1.0","start_time_seconds":"1680926594","unity_version":"2020.3.40f1","command_line_arguments":"\/Users\/ivan\/Local UBC\/COGS300Robot\/FinalAgent4.0.app\/Contents\/MacOS\/Final Project Testing V2 -nographics -batchmode --mlagents-port 5017 -logFile \/Users\/ivan\/Local UBC\/COGS300Robot\/results\/FinalTraining4.0\/run_logs\/Player-12.log","communication_protocol_version":"1.5.0","com.unity.ml-agents_version":"2.0.1","scene_name":"AgentTraining","end_time_seconds":"1680927575"}}}}:"1680927575"}}